Entidad,Termino
miedo,temor
alegria,felicidad
vergüenza,pena ajena
vergüenza,bochorno
culpa,cargo de conciencia
culpa,remordimiento
asco,qué oso
alegria,entusiasmo
asco,me da cosa
asco,repulsión
alegria,estar de buenas
alegria,qué padre
alegria,a toda madre
alegria,chido
alegria,optimismo
asco,náusea
alegria,diversión
alegria,satisfacción
tristeza,melancolía
amor,pasión
amor,afecto
orgullo,vanidad
orgullo,satisfacción personal
vergüenza,humillación
culpa,culpabilidad
alegria,alivio
enojo,molestia
enojo,frustración
enojo,ira
tristeza,desconsuelo
tristeza,soledad
asco,desagrado
alegria,emoción
vergüenza,pena
ira,sacado de onda
ira,encabronado
ira,irritación
ira,furia
ira,resentimiento
ira,estar de malas
ira,enojo
miedo,paniqueado
miedo,con el Jesús en la boca
miedo,susto
miedo,pánico
miedo,ansiedad
miedo,escalofrío
ira,me hierve la sangre
miedo,preocupación
dolor,angustia
dolor,malestar
tristeza,Aguitado
tristeza,ando con la pila baja
tristeza,me siento agüitado
tristeza,bajoneado
tristeza,nostalgia
tristeza,aflicción
tristeza,Agüitado
tristeza,desesperanza
tristeza,sad
dolor,agüite
tristeza,depresión
dolor,sufrimiento
tristeza,corte
tristeza,cruel
tristeza,crueldad
tristeza,desmoronándose
tristeza,aplastada
tristeza,llorar
tristeza,llorando
tristeza,incómodo
tristeza,maldición
tristeza,maldito
tristeza,quiste
tristeza,crucifixión
tristeza,cripta
tristeza,utilización de tazas
tristeza,cremación
tristeza,criticar
tristeza,crítica
tristeza,lisiado
tristeza,morir de vergüenza
tristeza,loca
tristeza,choque
tristeza,cobarde
tristeza,sofá
tristeza,corso
tristeza,corrompiendo
tristeza,citomegalovirus
tristeza,cadáver
tristeza,cruz
tristeza,demonio
tristeza,engaño
tristeza,daños y perjuicios
tristeza,condenar
tristeza,desafiar
tristeza,difunto
tristeza,deformidad
tristeza,deformado
tristeza,desinflar
tristeza,indefenso
tristeza,acusado
tristeza,derrotado
tristeza,defecto
tristeza,descomposición
tristeza,descompuesto
tristeza,engañar
tristeza,daño
tristeza,engañoso
tristeza,decaido
tristeza,decadencia
tristeza,deuda
tristeza,debacle
tristeza,muerte
tristeza,mortal
tristeza,punteado
tristeza,oscuridad
tristeza,oscurecido
tristeza,oscurecer
tristeza,oscuro
tristeza,peligro
tristeza,condenación
tristeza,fallecido
tristeza,contaminado
tristeza,caos
tristeza,consola
tristeza,degeneración
tristeza,disgusto
tristeza,cementerio
tristeza,catástrofe
tristeza,catarata
tristeza,víctima
tristeza,ataúd
tristeza,caso
tristeza,carnicería
tristeza,miocardiopatía
tristeza,carcinoma
tristeza,cuerpo
tristeza,cautiverio
tristeza,cobrable
tristeza,cautivo
tristeza,cancelar
tristeza,calamidad
tristeza,jaula
tristeza,enterrar
tristeza,Burke
tristeza,enterrado
tristeza,entierro
tristeza,gravoso
tristeza,culo
tristeza,pesadilla
tristeza,bruto
tristeza,roto
tristeza,cáncer
tristeza,restricción
tristeza,ahogo
tristeza,crónico
tristeza,consagración
tristeza,conflicto
tristeza,confiscar
tristeza,confinamiento
tristeza,confinado
tristeza,confinar
tristeza,confesión
tristeza,condolencia
tristeza,condescendencia
tristeza,concusión
tristeza,preocupado
tristeza,encubrir
tristeza,cólera
tristeza,quejarse
tristeza,compromiso
tristeza,conmemorar
tristeza,comatoso
tristeza,coma
tristeza,colusión
tristeza,colapsar
tristeza,frialdad
tristeza,coerción
tristeza,cocaína
tristeza,nuboso
tristeza,nublado
tristeza,cierre
tristeza,comunismo
tristeza,degradante
tristeza,delirante
tristeza,descorazonador
tristeza,desanimado
tristeza,asco
tristeza,descontento
tristeza,deshonrado
tristeza,desgracia
tristeza,desfigurado
tristeza,incorpóreo
tristeza,enfermo
tristeza,enfermedad
tristeza,discriminación
tristeza,discriminar
tristeza,desalentar
tristeza,deshonesto
tristeza,discontinuidad
tristeza,desconectado
tristeza,desconectar
tristeza,descolorado
tristeza,desastroso
tristeza,desastre
tristeza,desaprobando
tristeza,desaprobado
tristeza,desaprobar
tristeza,desaprobación
tristeza,decepción
tristeza,decepcionante
tristeza,decepcionado
tristeza,decepcionar
tristeza,deshonra
tristeza,disgustado
tristeza,condenado
tristeza,dominación
tristeza,dolor
tristeza,limosna
tristeza,zona de las calmas ecuatoriales
tristeza,divorcio
tristeza,perturbado
tristeza,disturbio
tristeza,loco
tristeza,disolución
tristeza,deservicio
tristeza,irrespetuoso
tristeza,desilusión
tristeza,descalificar
tristeza,desposeído
tristeza,desplazado
tristeza,disipar
tristeza,desapasionado
tristeza,disparidad
tristeza,despectivo
tristeza,menospreciar
tristeza,despido
tristeza,desmembramiento
tristeza,consternación
tristeza,triste
tristeza,dislocado
tristeza,descalificado
tristeza,no permitido
tristeza,desacuerdo
tristeza,en desacuerdo
tristeza,privación
tristeza,depresivo
tristeza,deprimente
tristeza,deprimido
tristeza,deprimir
tristeza,depreciado
tristeza,depravado
tristeza,deportación
tristeza,deportar
tristeza,deplorar
tristeza,deplorable
tristeza,dependencia
tristeza,salido
tristeza,salir
tristeza,denegado
tristeza,desmoralizado
tristeza,demostrativo
tristeza,demoníaco
tristeza,demoler
tristeza,fallecimiento
tristeza,demencia
tristeza,diluvio
tristeza,delirio
tristeza,partida
tristeza,descendencia
tristeza,profanación
tristeza,Desierto
tristeza,desactivado
tristeza,deshabilitar
tristeza,discapacidad
tristeza,terrible
tristeza,disminuir
tristeza,arruinado
tristeza,dificultad
tristeza,dificultades
tristeza,morir
tristeza,dictadura
tristeza,desviación
tristeza,devastación
tristeza,devastador
tristeza,devastar
tristeza,deterioro
tristeza,deteriorado
tristeza,deteriorarse
tristeza,detención
tristeza,detenido
tristeza,destruyendo
tristeza,destruido
tristeza,indigente
tristeza,destino
tristeza,despotismo
tristeza,desesperado
tristeza,desesperación
tristeza,rompió
tristeza,abandonado
tristeza,demora
tristeza,ruptura
tristeza,bastardo
tristeza,molesto
alegria,triunfante
alegria,triunfo
alegria,árbol
alegria,tratar
alegria,tesoro
alegria,trascendencia
alegria,tranquilidad
alegria,tranquilo
alegria,tostada
alegria,oropel
alegria,cosquillas
alegria,prosperando
alegria,emocionante
alegria,trofeo
alegria,acción de gracias
alegria,agradecido
alegria,sensibilidad
alegria,tierno
alegria,enseñar
alegria,tentador
alegria,sincronizar
alegria,sinfonía
alegria,simpático
alegria,simetría
alegria,nadar
alegria,dulces
alegria,cariño
alegria,terapéutico
alegria,dulce
alegria,tregua
alegria,centelleo
alegria,salarios
alegria,voto
alegria,votar
alegria,voluptuoso
alegria,voluntario
alegria,vívido
alegria,vivaz
alegria,vitalidad
alegria,visitante
alegria,visionario
alegria,virtuoso
alegria,vindicación
alegria,victoria
alegria,VERDADERO
alegria,victorioso
alegria,vernal
alegria,veracidad
alegria,venerable
alegria,vacaciones
alegria,utópico
alegria,edificación
alegria,desatar
alegria,insuperado
alegria,unificación
alegria,inesperado
alegria,eterno
alegria,sin restricciones
alegria,invicto
alegria,Víctor
alegria,sorpresa
alegria,supremacía
alegria,seguidor
alegria,Cuota
alegria,sexo
alegria,serenidad
alegria,sensual
alegria,sensualidad
alegria,sensacional
alegria,puntaje
alegria,beca
alegria,saborear
alegria,ahorrar
alegria,satisfecho
alegria,santuario
alegria,brillante
alegria,santificar
alegria,salvación
alegria,saludo
alegria,saludable
alegria,salario
alegria,santo
alegria,Smo
alegria,seguro
alegria,retozar
alegria,romanticismo
alegria,romántico
alegria,romance
alegria,alegre
alegria,coche de turismo
alegria,santificación
alegria,compras
alegria,tonto
alegria,simplificar
alegria,superestrella
alegria,superhombre
alegria,Brillo Solar
alegria,soleado
alegria,sol
alegria,exitoso
alegria,éxito
alegria,subsiguiente
alegria,triunfar
alegria,sublimación
alegria,fortalecimiento
alegria,libra esterlina
alegria,estrellado
alegria,estrella
alegria,esposa
alegria,esplendor
alegria,espléndido
alegria,espíritu
alegria,especial
alegria,brillar
alegria,spaniel
alegria,spa
alegria,solvencia
alegria,calmante
alegria,sonoro
alegria,soneto
alegria,sonriente
alegria,sonreír
alegria,cantar
alegria,riqueza
tristeza,abajo
alegria,peso
alegria,capricho
tristeza,abollado
tristeza,Día del Juicio Final
tristeza,estéril
tristeza,alma en pena
tristeza,bancarrota
tristeza,destierro
tristeza,alejado
tristeza,desterrar
tristeza,estallido
tristeza,gravemente
tristeza,malo
tristeza,bacterias
tristeza,luchó
tristeza,remanso
tristeza,avalancha
tristeza,autopsia
tristeza,austero
tristeza,atenuación
tristeza,agresor
tristeza,atrofia
tristeza,atrocidad
tristeza,aterosclerosis
tristeza,asesinato
tristeza,asesino
tristeza,cenizas
tristeza,avergonzado
tristeza,horrible
tristeza,Arte
tristeza,golpeando
tristeza,mendigo
tristeza,aburrimiento
tristeza,esclavitud
tristeza,bombardeo
tristeza,bomba
tristeza,torpeza
tristeza,blues
tristeza,azul
tristeza,sangriento
tristeza,matanza
tristeza,bloqueo
tristeza,ceguera
tristeza,a ciegas
tristeza,mendigar
tristeza,plaga
tristeza,sangrado
tristeza,desolado
tristeza,negrura
tristeza,amargura
tristeza,amargamente
tristeza,perra
tristeza,fanático
tristeza,féretro
tristeza,traición
tristeza,traicionar
tristeza,duelo
tristeza,afligido
tristeza,empequeñecer
tristeza,arsénico
tristeza,acusación
tristeza,árido
tristeza,accidente
tristeza,abismo
tristeza,abismal
tristeza,abuso
tristeza,ausente
tristeza,ausencia
tristeza,absceso
tristeza,abortivo
tristeza,aborto
tristeza,secuestro
tristeza,abandono
tristeza,abandonar
alegria,celoso
alegria,celo
alegria,juventud
alegria,anhelo
alegria,Adoración
alegria,maravillosamente
alegria,maravilloso
alegria,ingenioso
alegria,ganancias
alegria,ganador
alegria,blancura
alegria,caprichoso
alegria,ánimo
tristeza,sumador
tristeza,apendicitis
tristeza,disculparse
tristeza,apatía
tristeza,apático
tristeza,antisocial
tristeza,ántrax
tristeza,anulación
tristeza,aniquilación
tristeza,aniquilado
tristeza,animosidad
tristeza,anclaje
tristeza,anatema
tristeza,alienación
tristeza,alienado
tristeza,alcoholismo
tristeza,afligir
tristeza,agonía
tristeza,agravante
tristeza,secuelas
tristeza,afrenta
tristeza,adversidad
tristeza,adverso
tristeza,adulterio
tristeza,a la deriva
alegria,bienvenido
tristeza,duda
tristeza,evasión
tristeza,monótono
tristeza,madre
tristeza,mortuorio
tristeza,mortificación
tristeza,mortalidad
tristeza,moribundo
tristeza,morgue
tristeza,morbosidad
tristeza,mórbido
tristeza,temperamental
tristeza,monzón
tristeza,acoso
tristeza,luto
tristeza,burlón
tristeza,malentendido
tristeza,error
tristeza,perdido
tristeza,tergiversación
tristeza,percance
tristeza,miseria
tristeza,tristemente
tristeza,miserable
tristeza,aborto espontáneo
tristeza,milicia
tristeza,memoriales
tristeza,fusión de un reactor
tristeza,gemir
tristeza,melodrama
tristeza,tazón
tristeza,obliterar
tristeza,obituario
tristeza,obesidad
tristeza,nutritivo
tristeza,entumecimiento
tristeza,nada
tristeza,nudo corredizo
tristeza,absurdo
tristeza,incumplimiento
tristeza,neurosis
tristeza,neuralgia
tristeza,inferior
tristeza,nepotismo
tristeza,descuidado
tristeza,negativo
tristeza,vil
tristeza,necesidad
tristeza,nauseabundo
tristeza,asqueroso
tristeza,servilleta
tristeza,miopía
tristeza,mutilación
tristeza,musical
tristeza,música
tristeza,turbio
tristeza,negro
tristeza,melancólico
tristeza,manso
tristeza,limitado
tristeza,sin vida
tristeza,mentir
tristeza,leucemia
tristeza,letargo
tristeza,letal
tristeza,lepra
tristeza,flojo
tristeza,demanda judicial
tristeza,tarde
tristeza,litigar
tristeza,languideciendo
tristeza,lamentándose
tristeza,lamento
tristeza,rezagado
tristeza,cordón
tristeza,trabajado
tristeza,toque de difuntos
tristeza,matar
tristeza,secuestrar
tristeza,perrera
tristeza,jurisprudencia
tristeza,celos
tristeza,discorde
tristeza,deslizamiento de tierra
tristeza,cárcel
tristeza,solitario
tristeza,sarampión
tristeza,sin sentido
tristeza,mausoleo
tristeza,masacre
tristeza,martirio
tristeza,mártir
tristeza,margen
tristeza,homicidio involuntario
tristeza,mutilar
tristeza,malignidad
tristeza,malicioso
tristeza,malévolo
tristeza,malaria
tristeza,enojado
tristeza,linchar
tristeza,lozano
tristeza,locura
tristeza,humilde
tristeza,más bajo
tristeza,hermoso
tristeza,perdió
tristeza,pérdida
tristeza,perdiendo
tristeza,perder
tristeza,solitaria
tristeza,obliteración
tristeza,celda
tristeza,desagradable
tristeza,rareza
tristeza,refugiado
tristeza,reincidencia
tristeza,recesión
tristeza,voraz
tristeza,clasificación
tristeza,violación
tristeza,lluvioso
tristeza,estante
tristeza,rabioso
tristeza,punitivo
tristeza,agotador
tristeza,castigado
tristeza,rechazado
tristeza,puñetazo
tristeza,prostitución
tristeza,enjuiciar
tristeza,progresión
tristeza,procesión
tristeza,problema
tristeza,libertad condicional
tristeza,prisionero
tristeza,prisión
tristeza,sacerdocio
tristeza,precario
tristeza,impotente
tristeza,pobreza
tristeza,póstumo
tristeza,psicosis
tristeza,polio
tristeza,lamentar
tristeza,arrepentido
tristeza,ridículo
tristeza,reumatismo
tristeza,revólver
tristeza,revolución
tristeza,revocar
tristeza,venganza
tristeza,Jubilación
tristeza,retardar
tristeza,restringir
tristeza,resistiendo
tristeza,renunciar
tristeza,resignación
tristeza,lamentable
tristeza,réquiem
tristeza,reproche
tristeza,represalia
tristeza,reprimir
tristeza,retirar
tristeza,reliquias
tristeza,recaída
tristeza,rechaza
tristeza,rechazo
tristeza,rechazar
tristeza,lamentando
tristeza,venenoso
tristeza,envenenado
tristeza,veneno
tristeza,parálisis
tristeza,pandemia
tristeza,penosamente
tristeza,doloroso
tristeza,dolorido
tristeza,debido
tristeza,abrumada
tristeza,caro
tristeza,sobrecarga
tristeza,atrasado
tristeza,ovación
tristeza,cortar
tristeza,paria
tristeza,expulsar
tristeza,huérfano
tristeza,orquesta
tristeza,opresor
tristeza,opresivo
tristeza,opresión
tristeza,oprimir
tristeza,opio
tristeza,ópera
tristeza,oneroso
tristeza,ofensa
tristeza,delincuente
tristeza,ofendido
tristeza,explosión
tristeza,de despedida
tristeza,patético
tristeza,escasez
tristeza,inútil
tristeza,caza furtiva
tristeza,saquear
tristeza,situación
tristeza,petición
tristeza,lastimero
tristeza,Plaga
tristeza,lástima
tristeza,trampa
tristeza,piadoso
tristeza,pino
tristeza,pesimista
tristeza,pesimismo
tristeza,perversión
tristeza,persecucion
tristeza,perplejidad
tristeza,autor
tristeza,pernicioso
tristeza,pereciendo
tristeza,pereció
tristeza,perecer
tristeza,peligroso
tristeza,perdición
tristeza,pensativo
tristeza,penitencia
tristeza,multa
tristeza,penal
tristeza,pobre
tristeza,obstáculo
tristeza,caída
tristeza,aislamiento
tristeza,aislar
tristeza,asustar
tristeza,raído
tristeza,tenso
tristeza,fragilidad
tristeza,frágil
tristeza,fortaleza
tristeza,olvidado
tristeza,anular una hipoteca
tristeza,espantoso
tristeza,prohibir
tristeza,fracaso
tristeza,azotar
tristeza,retroceder
tristeza,lana
tristeza,falla
tristeza,flácido
tristeza,feudalismo
tristeza,cayó
tristeza,sentimiento
tristeza,débil
tristeza,con miedo
tristeza,temeroso
tristeza,culpa
tristeza,platija
tristeza,graso
tristeza,fruncir el ceño
tristeza,infructuoso
tristeza,guillotina
tristeza,gruñón
tristeza,conectado a tierra
tristeza,gemido
tristeza,severo
tristeza,grave
tristeza,afligirse
tristeza,queja
tristeza,gris
tristeza,tumba
tristeza,sangre
tristeza,ceñudo
tristeza,gonorrea
tristeza,sombrío
tristeza,ghetto
tristeza,geriátrico
tristeza,horca
tristeza,fútil
tristeza,escándalo
tristeza,surco
tristeza,canguelo
tristeza,funeral
tristeza,fugitivo
tristeza,frustrar
tristeza,fatigado
tristeza,fatalidad
tristeza,fatal
tristeza,epitafio
tristeza,epidemia
tristeza,enredado
tristeza,esclavizado
tristeza,enemistad
tristeza,endocarditis
tristeza,sin fin
tristeza,endémico
tristeza,gravamen
tristeza,vacío
tristeza,emergencia
tristeza,embolia
tristeza,vergüenza
tristeza,avergonzar
tristeza,eliminación
tristeza,terremoto
tristeza,disentería
tristeza,muriendo
tristeza,enano
tristeza,coacción
tristeza,deshecho
tristeza,tedioso
tristeza,drogado
tristeza,ahogar
tristeza,horrorosamente
tristeza,demacrado
tristeza,evitar
tristeza,estima
tristeza,eutanasia
tristeza,grasa
tristeza,ayuno
tristeza,hambruna
tristeza,descendente
tristeza,otoño
tristeza,desleal
tristeza,desmayo
tristeza,extinguido
tristeza,exterminar
tristeza,expulsión
tristeza,explotar
tristeza,expirar
tristeza,exorcismo
tristeza,exilio
tristeza,agotamiento
tristeza,exhausto
tristeza,verdugo
tristeza,ejecución
tristeza,exclusión
tristeza,Excluyendo
tristeza,excluido
tristeza,desalojo
tristeza,desalojar
alegria,creciente
tristeza,evanescencia
tristeza,aislado
tristeza,culpable
tristeza,infidelidad
tristeza,esterilidad
tristeza,infeccioso
tristeza,infanticidio
tristeza,infamia
tristeza,inexcusable
tristeza,desigualdad
tristeza,ineptitud
tristeza,ineficiente
tristeza,ineficacia
tristeza,indiferencia
tristeza,infligir
tristeza,incurable
tristeza,inconveniente
tristeza,desconsiderado
tristeza,inconsecuente
tristeza,incompetente
tristeza,incompatible
tristeza,ingreso
tristeza,incesto
tristeza,en caso
tristeza,encarcelamiento
tristeza,inadecuado
tristeza,incapacidad
tristeza,imprudente
tristeza,incriminación
tristeza,imposición
tristeza,inhóspito
tristeza,irreparable
tristeza,irreconciliable
tristeza,inválido
tristeza,invasor
tristeza,invadir
tristeza,intolerante
tristeza,intervención
tristeza,interrumpido
tristeza,interesado
tristeza,interceder
tristeza,inhibir
tristeza,insuperable
tristeza,insulto
tristeza,insolvente
tristeza,insolvencia
tristeza,insignificante
tristeza,inseguro
tristeza,lesión
tristeza,perjudicial
tristeza,herido
tristeza,lesionar
tristeza,hostil
tristeza,inhumanidad
tristeza,inhumano
tristeza,insultante
tristeza,encarcelado
tristeza,impotencia
tristeza,imposible
tristeza,hueco
tristeza,obrero temporal
tristeza,broma
tristeza,canoso
tristeza,estorbador
tristeza,ermitaño
tristeza,hemorragia
tristeza,infernal
tristeza,infierno
tristeza,holocausto
tristeza,sentido
tristeza,coche fúnebre
tristeza,obsesionado
tristeza,odio
tristeza,odioso
tristeza,Harry
tristeza,dañino
tristeza,colgando
tristeza,Desventaja
tristeza,tendón de la corva
tristeza,vacilante
tristeza,cabestro
tristeza,Vagabundo
tristeza,nostálgico
tristeza,homicidio
tristeza,inmoral
tristeza,ilegítimo
tristeza,ilegal
tristeza,idiotez
tristeza,himno
tristeza,hidrocefalia
tristeza,cabaña
tristeza,lastimando
tristeza,hiriente
tristeza,herir
tristeza,cazador
tristeza,humillar
tristeza,farsante
tristeza,humillado
tristeza,aullido
tristeza,hospital
tristeza,hospicio
tristeza,horrores
tristeza,horror
tristeza,horripilante
tristeza,horrendo
tristeza,desesperanzado
tristeza,honesto
tristeza,crédulo
alegria,cinta
alegria,resplandor
alegria,premio
miedo,traumático
miedo,vagabundo
miedo,traidor
miedo,tragedia
miedo,tracto
miedo,toxina
miedo,imponente
miedo,tenacidad
miedo,tortura
miedo,torrente
miedo,tornado
miedo,tormento
miedo,dolor de muelas
miedo,parodia
miedo,timidez
miedo,tremendo
miedo,descomunal
miedo,matón
miedo,palpitar
miedo,trillar
miedo,amenazante
miedo,amenazar
miedo,amenaza
miedo,movimiento de piernas
miedo,espinoso
miedo,decimotercero
miedo,ladrón
miedo,tímido
miedo,teocrático
miedo,traicionero
miedo,indeseable
miedo,indeciso
miedo,incierto
miedo,misterioso
miedo,desenfrenado
miedo,ultimátum
miedo,úlcera
miedo,fealdad
miedo,tirano
miedo,tiranía
miedo,tiránico
miedo,tifón
miedo,confusión
miedo,turbulento
miedo,tumultuoso
miedo,tumulto
miedo,tumor
miedo,Troll
miedo,astucia
miedo,tribunal
miedo,tribulación
miedo,miedo
miedo,temblor
miedo,turbulencia
miedo,difícil
miedo,robo
miedo,terrorista
miedo,supersticioso
miedo,superstición
miedo,hundido
miedo,sultán
miedo,suicidio
miedo,suicida
miedo,asfixia
miedo,sofocante
miedo,subvertir
miedo,subversión
miedo,supresión
miedo,subordinar
miedo,aturdido
miedo,dificil
miedo,carrera
miedo,despojado
miedo,camilla
miedo,estrangular
miedo,extraño
miedo,estrecheces
miedo,Tormentoso
miedo,escatimar
miedo,tacaño
miedo,picadura
miedo,quietud
miedo,subyugación
miedo,aterrorizar
miedo,terrorismo
miedo,terror
miedo,Terminal
miedo,tempestad
miedo,lloroso
miedo,pulla
miedo,garras
miedo,táctica
miedo,tabú
miedo,jeringuilla
miedo,sinónimo
miedo,cirugía
miedo,síncope
miedo,viraje
miedo,hinchazón
miedo,sudor
miedo,esvástica
miedo,pantanoso
miedo,pantano
miedo,sospecha
miedo,suspensión
miedo,suspenso
miedo,sospechar
miedo,vigilancia
miedo,Rendición
miedo,desempleados
miedo,desigual
miedo,discutiendo
miedo,herida
miedo,peor
miedo,preocupante
miedo,preocuparse
miedo,resistir a
miedo,brujería
miedo,bruja
miedo,contraerse de dolor
miedo,debilucho
miedo,endeble
miedo,incendio forestal
miedo,malvado
miedo,torbellino
miedo,bicho raro
miedo,pesado
miedo,enclenque
miedo,vacilar
miedo,reloj
miedo,debilitante
miedo,cauteloso
miedo,guerrero
miedo,desierto
miedo,advertencia
miedo,naufragio
miedo,incorrectamente
alegria,aloha
alegria,seducir
alegria,viva
alegria,afluencia
alegria,estética
alegria,Abogacía
alegria,adviento
alegria,ventaja
alegria,adorar
alegria,adoración
alegria,adorable
alegria,admiración
miedo,destrozado
alegria,admirable
alegria,logro
alegria,lograr
alegria,logrado
alegria,realizar
alegria,acompañamiento
alegria,espaldarazo
alegria,abundante
alegria,abundancia
alegria,absolución
miedo,gañido
miedo,gritar
miedo,xenofobia
alegria,acróbata
miedo,prevenido
miedo,advertir
miedo,brujo
miedo,varicela
miedo,desapareció
miedo,vampiro
miedo,validez
miedo,usurpado
miedo,urgente
miedo,urgencia
miedo,levantamiento
miedo,cuesta arriba
miedo,convulsión
miedo,inconcebible
miedo,inestable
miedo,virar
miedo,revoltoso
miedo,agitación
miedo,antinatural
miedo,desafortunado
miedo,desconocido
miedo,injustificable
miedo,impío
miedo,insalubre
miedo,antipático
miedo,indecible
miedo,vehemente
miedo,vendetta
miedo,vengativo
miedo,belicoso
miedo,guerra
miedo,mercancía
miedo,guardián
miedo,pálido
miedo,buitre
miedo,vulnerabilidad
miedo,volcán
miedo,volatilidad
miedo,virulencia
miedo,víbora
miedo,violentamente
miedo,violento
miedo,violencia
miedo,villano
miedo,vigilante
miedo,victimizado
miedo,vértigo
miedo,alimañas
miedo,borde
miedo,veredicto
miedo,estigma
miedo,sofocado
miedo,robando
miedo,reavivar
miedo,regulador
miedo,regimiento
miedo,refutación
miedo,imprudencia
miedo,lo más hondo
miedo,rebelión
miedo,rebelde
miedo,reaccionar
miedo,barranco
miedo,serpiente de cascabel
miedo,rata
miedo,bribón
miedo,rapaces
miedo,rescate
miedo,alboroto
miedo,Redada
miedo,furioso
miedo,maquinilla de afeitar
miedo,radón
miedo,reacio
miedo,rigor
miedo,rifle
miedo,repugnancia
miedo,repugnante
miedo,reducción
miedo,reticente
miedo,restos
miedo,contenido
miedo,contener
miedo,resistente
miedo,resección
miedo,represión
miedo,arrepentirse
miedo,repelente
miedo,represalias
miedo,radioactivo
miedo,radiación
miedo,parcial
miedo,Predicamento
miedo,precipicio
miedo,rezar
miedo,poderosamente
miedo,poderoso
miedo,posesión
miedo,poseído
miedo,grupo
miedo,premeditado
miedo,policía
miedo,neumonía
miedo,inmersión
miedo,plomada
miedo,piñón
miedo,prevenir
miedo,presa
miedo,pinchazo
miedo,chusma
miedo,carcaj
miedo,anular
miedo,cuarentena
miedo,dilema
miedo,codorniz
miedo,purga
miedo,purgatorio
miedo,castigo
miedo,castigar
miedo,puma
miedo,merodear
miedo,proyectiles
miedo,proyectil
miedo,prohibido
miedo,pronóstico
miedo,procedimiento
alegria,Asombrosamente
miedo,arriesgado
miedo,contrabandista
miedo,hacer contrabando
miedo,aplastar
miedo,astuto
miedo,esclavo
miedo,matadero
miedo,sacrificio
miedo,golpe
miedo,patinar
miedo,tizón
miedo,sirena
miedo,siniestro
miedo,pecaminoso
miedo,pecado
miedo,estremecimiento
miedo,encogerse
miedo,estridente
miedo,grito
miedo,metralla
miedo,Disparo
miedo,tiroteo
miedo,pecador
miedo,tirador
miedo,serpiente
miedo,furtivo
miedo,robar
miedo,inanición
miedo,punto muerto
miedo,acechar
miedo,puñalada
miedo,delicado
miedo,chubasco
miedo,estimular
miedo,duende
miedo,espectro
miedo,solterona
miedo,pico
miedo,araña
miedo,lanza
miedo,espasmo
miedo,alma gemela
miedo,desalmado
miedo,salida
miedo,tristeza
miedo,sórdido
miedo,socialista
miedo,socialismo
miedo,especulación
miedo,disparar
miedo,temblar
miedo,escaso
miedo,cicatriz
miedo,chivo expiatorio
miedo,bisturí
miedo,andamio
miedo,salvajismo
miedo,salvaje
miedo,sarcoma
miedo,samurai
miedo,hundimiento
miedo,sacrificios
miedo,sabotaje
miedo,implacable
miedo,regla
miedo,ruinoso
miedo,ruina
miedo,escombros
miedo,putrefacción
miedo,varilla
miedo,sable
miedo,espantapájaros
miedo,esquizofrenia
miedo,regañar
miedo,caparazón
miedo,romper
miedo,caña
miedo,llevar a la fuerza
miedo,verguenza
miedo,tembloroso
miedo,sacudida
miedo,sombreado
miedo,encadenar
miedo,fideicomitente
miedo,servil
miedo,gravedad
miedo,septicemia
miedo,frase
miedo,senil
miedo,embargo
miedo,sectario
miedo,reclusión
miedo,chillido
miedo,gritando
miedo,tembladera
miedo,sinvergüenza
miedo,escorpión
miedo,riesgo
alegria,ambición
alegria,amén
alegria,amistoso
alegria,prestigio
alegria,gatito
alegria,Beso
alegria,parientes
alegria,tipo
alegria,salto
alegria,aniversario
alegria,jubiloso
alegria,alegría
alegria,jovial
alegria,viaje
alegria,mano de obra
alegria,bufón
alegria,bote
alegria,atractivo
alegria,invitar
alegria,íntimamente
alegria,íntimo
alegria,intenso
alegria,inteligencia
alegria,inspirado
alegria,inspirar
alegria,inspiración
alegria,inseparable
alegria,herencia
alegria,infinito
alegria,niño
alegria,cordero
alegria,reír
alegria,majestuoso
alegria,magnífico
alegria,magnificencia
alegria,mágico
alegria,lírico
alegria,lira
alegria,lujo
alegria,lujoso
alegria,lustre
alegria,delicioso
alegria,afortunado
alegria,suerte
alegria,leal
alegria,risa
alegria,cariñoso
alegria,haciendo el amor
alegria,amor
alegria,amable
alegria,gusto
alegria,libertad
alegria,liberación
alegria,liberar
alegria,ocio
alegria,legalizado
alegria,laureles
alegria,la risa
alegria,amante
alegria,independencia
alegria,inauguración
alegria,sano
alegria,cicatrización
alegria,sanar
alegria,cosecha
alegria,armonía
alegria,armoniosamente
alegria,contento
alegria,felizmente
alegria,chorro
alegria,crecer
alegria,sonrisa
alegria,verde
alegria,gratitud
alegria,satisfacer
alegria,otorgar
alegria,nietos
alegria,graduación
alegria,precioso
alegria,bondad
alegria,bueno
alegria,bendición
alegria,dios
alegria,gloria
alegria,grandeza
alegria,sinceramente
alegria,celestial
alegria,Cielos
alegria,mejora
alegria,mejorar
alegria,sumergirse
alegria,inmaculado
alegria,iluminación
alegria,iluminar
alegria,Hurra
alegria,humorístico
alegria,humanidad
alegria,humanitario
alegria,abrazo
alegria,esperanzado
alegria,esperar
alegria,Luna de miel
alegria,santidad
alegria,fiesta
alegria,Hobby
alegria,contratar
alegria,hilaridad
alegria,divertidísimo
alegria,más alto
alegria,apogeo
alegria,heroísmo
alegria,heroico
alegria,héroe
alegria,útil
alegria,hedonismo
alegria,mayoría
alegria,glorificar
alegria,matrimonio
alegria,casar
alegria,pintoresco
alegria,ronroneo
alegria,purificar
alegria,Proporcionar
alegria,orgulloso
alegria,próspero
alegria,prosperar
alegria,promesa
alegria,Progreso
alegria,competencia
alegria,radiante
alegria,privilegiado
alegria,orgullo
alegria,prevalecer
alegria,bonita
alegria,presto
alegria,preservativo
alegria,presente
alegria,loable
alegria,alabado
alegria,elogio
alegria,principesco
alegria,experto
alegria,arrebatado
alegria,renacimiento
alegria,ensueño
alegria,reverendo
alegria,reverencia
alegria,reverenciar
alegria,fiestas
alegria,jaranear
alegria,restaurativo
alegria,resplandeciente
alegria,respiro
alegria,respeto
alegria,recursos
alegria,rapto
alegria,pagar
alegria,renovación
alegria,recurso
alegria,Notable
alegria,alegrarse
alegria,recreativo
alegria,recreación
alegria,reconciliación
alegria,recepción
alegria,preparación
alegria,reproductivo
alegria,poseer
alegria,nutrir
alegria,guardería
alegria,Incapaz
alegria,siesta
alegria,maternidad
alegria,moralidad
alegria,dinero
alegria,milagroso
alegria,milagro
alegria,oasis
alegria,ministerio
alegria,Partera
alegria,meritorio
alegria,memorable
alegria,meditar
alegria,medalla
alegria,maestría
alegria,obra maestra
alegria,masaje
alegria,servicial
alegria,asequible
alegria,agradable
alegria,encantado
alegria,teatro
alegria,patio de juegos
alegria,juguetón
alegria,picnic
alegria,perfección
alegria,Perfecto
alegria,pacífico
alegria,paz
alegria,Pastelería
alegria,pastor
alegria,apasionado
alegria,dechado
alegria,desfile
alegria,lleno de alegría
alegria,sobresaliente
alegria,orgasmo
alegria,organización
alegria,Organo
alegria,ordenación
alegria,oportuno
alegria,médula
alegria,rítmico
alegria,glorificación
alegria,luz tenue
alegria,coral
alegria,coro
alegria,chocolate
alegria,chirrido
alegria,infancia
alegria,valorar
alegria,aplausos
alegria,Encantado
alegria,risita
alegria,caridad
alegria,campeón
alegria,ceremonia
alegria,celebridad
alegria,celebracion
alegria,celebrando
alegria,celebrado
alegria,catedral
alegria,villancico
alegria,cautivar
alegria,sincero
alegria,Caritativo
alegria,becerro
alegria,iglesia
alegria,aplaudir
alegria,cuna
alegria,ensenada
alegria,noviazgo
alegria,coronación
alegria,conocedor
alegria,congratulatorio
alegria,confidente
alegria,confianza
alegria,conciliación
alegria,cumplido
alegria,terminación
alegria,civilizado
alegria,completando
alegria,compensar
alegria,compañero
alegria,comunión
alegria,recomendable
alegria,conmemoración
alegria,comodidad
alegria,payaso
alegria,cercanía
alegria,clímax
alegria,limpio
alegria,clásicos
alegria,complementar
alegria,autobús
alegria,amigo
alegria,fraternal
alegria,playa
alegria,baloncesto
alegria,bautismal
alegria,banquete
alegria,bálsamo
alegria,bebé
alegria,auténtico
alegria,propicio
alegria,expiar
alegria,asombro
alegria,ambicioso
alegria,aspirar
alegria,haz
alegria,aspiración
alegria,ardiente
alegria,aprobar
alegria,apreciación
alegria,animado
alegria,angelical
alegria,ángel
alegria,entretenido
alegria,divertido
alegria,entretener
alegria,aventura amorosa
alegria,amnistía
alegria,embellecimiento
alegria,aclarar
alegria,dama de honor
alegria,novio
alegria,novia
alegria,nupcial
alegria,ramo
alegria,generosidad
alegria,prima
alegria,bonanza
alegria,bullicioso
alegria,florecer
alegria,feliz
alegria,bendiciones
alegria,bendecido
alegria,bendecir
alegria,cumpleaños
alegria,nacimiento
alegria,prometido
alegria,benigno
alegria,benevolencia
alegria,ofrecer amistad
alegria,cerveza
alegria,belleza
alegria,embellecer
alegria,crema
alegria,Brillantina
alegria,crear
alegria,coronamiento
alegria,halagador
alegria,adecuado
alegria,Primogénito
alegria,finalmente
alegria,fidelidad
alegria,festivo
alegria,festival
alegria,fervor
alegria,Con
alegria,Ligar
alegria,favorito
alegria,trompeteo
alegria,familiaridad
alegria,fe
alegria,deseando
alegria,exuberancia
alegria,Exquisito
alegria,conveniente
alegria,regocijo
alegria,excitación
alegria,entusiasmado
alegria,excitar
alegria,favorable
alegria,fútbol
alegria,planeo
alegria,risilla
alegria,regalo
alegria,genial
alegria,generoso
alegria,joya
alegria,jardín
alegria,ganar
alegria,divertida
alegria,alimento
alegria,cumplimiento
alegria,retozón
alegria,amistad
alegria,amigable
alegria,amabilidad
alegria,libremente
alegria,fundar
alegria,fortuna
alegria,antepasados
alegria,excelente
alegria,excelencia
alegria,sobresalir
alegria,eléctrico
alegria,exaltado
alegria,eyaculación
alegria,extático
alegria,éxtasis
alegria,afán
alegria,ansioso
alegria,paloma
alegria,delfín
alegria,muñeca
alegria,cancioneta
alegria,diario
alegria,elegancia
alegria,diamante
alegria,encantador
alegria,deleitar
alegria,acuerdo
alegria,amanecer
alegria,hija
alegria,querida
alegria,baile
alegria,devoto
alegria,elegante
alegria,elevación
alegria,élite
alegria,superar
alegria,exaltación
alegria,exaltar
alegria,hojas perennes
alegria,establecido
alegria,erótico
alegria,igualdad
alegria,entusiasta
alegria,entretenimiento
alegria,animar
alegria,disfrutando
alegria,disfrutar
alegria,comprometido
alegria,alentar
alegria,encantar
alegria,abrazar
alegria,emancipación
alegria,crescendo
alegria,abuelo
alegria,gramática
alegria,gobernador
alegria,institutriz
alegria,regir
alegria,evangelio
alegria,viga
alegria,alta burguesía
alegria,Caballero
alegria,general
alegria,gaceta
alegria,aforo
alegria,puerta
alegria,portón
alegria,guarnición
alegria,terrestre
alegria,ayudante
alegria,refugio
alegria,puerto
alegria,arena
alegria,manual
alegria,escudete
alegria,gurú
alegria,guía
alegria,tutela
alegria,guardado
alegria,Guardia
alegria,garantizar
alegria,Viva
alegria,calibrar
alegria,fundamental
alegria,fijado
alegria,firmeza
alegria,bombero
alegria,llenar
alegria,defensa
alegria,buque insignia
alegria,padre
alegria,familiar
alegria,falsedad
alegria,fiel
alegria,justamente
alegria,facultad
alegria,hechos
alegria,hecho
alegria,fabricación
alegria,testigo ocular
alegria,impecable
alegria,fusible
alegria,brida
alegria,completamente
alegria,franqueza
alegria,franco
alegria,estructura
alegria,fuerte
alegria,fórmula
alegria,formativo
alegria,formalidad
alegria,indulgente
alegria,previsión
alegria,prever
alegria,pie
alegria,kan
alegria,justificable
alegria,justicia
alegria,jurado
alegria,jurista
alegria,juicioso
alegria,judicial
alegria,bragas
alegria,oficial
alegria,irrefutable
alegria,planchar
alegria,invocación
alegria,intuición
alegria,interior
alegria,intercesión
alegria,pretender
alegria,inteligente
alegria,periodismo
alegria,integridad
alegria,etiqueta
alegria,alojamiento
alegria,lingüista
alegria,teniente
alegria,difamación
alegria,nivel
alegria,dique
alegria,letrado
alegria,lección
alegria,prestador
alegria,legitimidad
alegria,legislador
alegria,legal
alegria,propensión
alegria,principal
alegria,líder
alegria,ley
alegria,laureado
alegria,láser
alegria,más grande
alegria,punto de referencia
alegria,legislatura
alegria,intacto
alegria,asegurar
alegria,imparcialidad
alegria,imparcial
alegria,impartir
alegria,inmunización
alegria,inamovible
alegria,agricultura
alegria,humildad
alegria,caballo
alegria,honorable
alegria,honor
alegria,honestidad
alegria,heroína
alegria,impenetrable
alegria,importante
alegria,impresionable
alegria,instructor
alegria,instrucciones
alegria,instrucción
alegria,instruir
alegria,instituto
alegria,inoculación
alegria,inocente
alegria,inimitable
alegria,informar
alegria,influyente
alegria,infalibilidad
alegria,indivisible
alegria,indestructible
alegria,sangrar
alegria,indemnidad
alegria,indeleble
alegria,inclusión
alegria,inclinación
alegria,explique
alegria,pericia
alegria,experimentado
alegria,cooperativa
alegria,cooperación
alegria,cooperando
alegria,Convincente
alegria,convencido
alegria,convencer
alegria,transporte
alegria,convento
alegria,contribuyente
alegria,Seguir
alegria,consultar
alegria,cónsul
alegria,constitucional
alegria,constantemente
alegria,constante
alegria,constancia
alegria,alguacil
alegria,consorte
alegria,consistencia
alegria,considerado
alegria,conservación
alegria,concienzudo
alegria,conciencia
alegria,conectivo
alegria,constituir
alegria,congruencia
alegria,exactitud
alegria,cubo
alegria,crucial
alegria,crujiente
alegria,tripulación
alegria,crédito
alegria,creíble
alegria,credibilidad
alegria,credencial
alegria,corporación
alegria,pacto
alegria,mensajero
alegria,condado
alegria,compatriota
alegria,contar
alegria,consejero
alegria,consejo
alegria,Consejo
alegria,cosmopolita
alegria,corroboración
alegria,corroborar
alegria,cubrir
alegria,congresista
alegria,congreso
alegria,congregación
alegria,comité
alegria,comisión
alegria,comercio
alegria,dominante
alegria,comandante
alegria,coronel
alegria,colectivamente
alegria,colateral
alegria,colaborador
alegria,cohesivo
alegria,comodoro
alegria,cohesión
alegria,coexistiendo
alegria,coexistir
alegria,engatusar
alegria,juntarse
alegria,entrenador
alegria,clerical
alegria,autorización
alegria,clan
alegria,convincente
alegria,vulgar
alegria,mancomunidad
alegria,comunicar
alegria,conglomerado
alegria,conformidad
alegria,confirmado
alegria,confirmación
alegria,confidencialmente
alegria,confidencial
alegria,confiar
alegria,confesional
alegria,confesar
alegria,confederado
alegria,concordancia
alegria,concordia
alegria,camarada
alegria,contralor
alegria,competente
alegria,Brújula
alegria,compacto
alegria,comunicación
alegria,culinario
alegria,caballero
alegria,cultivar
alegria,custodio
alegria,dotación
alegria,dotar
alegria,enciclopedia
alegria,habilitación
alegria,habilitar
alegria,emplear
alegria,enfatizar
alegria,eminencia
alegria,dilucidar
alegria,electorado
alegria,electo
alegria,ancianos
alegria,mayor
alegria,eficiente
alegria,eficaz
alegria,educativo
alegria,economía
alegria,águila
alegria,suponer
alegria,exhaustivo
alegria,ejecutor
alegria,intercambio
alegria,evidente
alegria,establecer
alegria,escolta
alegria,recado
alegria,episcopal
alegria,conjunto
alegria,inscribirse
alegria,obediente
alegria,durable
alegria,determinación
alegria,determinado
alegria,designacion
alegria,merecer
alegria,dermatólogo
alegria,diputado
alegria,profundidad
alegria,depositario
alegria,dependiente
alegria,depender
alegria,delegar
alegria,definitivo
alegria,defensor
alegria,defendido
alegria,escritura
alegria,transacciones
alegria,diácono
alegria,atrevimiento
alegria,dama
alegria,custodia
alegria,deferencia
alegria,diagnóstico
alegria,durabilidad
alegria,dudoso
alegria,indudable
alegria,don
alegria,dominio
alegria,dogma
alegria,doctrina
alegria,médico
alegria,diván
alegria,dispuesto
alegria,discreción
alegria,revelado
alegria,negar
alegria,discípulo
alegria,director
alegria,diplomático
alegria,diplomacia
alegria,diligencia
alegria,dignidad
alegria,dígito
alegria,diferencial
alegria,dictamen
alegria,diccionario
alegria,curable
alegria,patrocinador
alegria,portavoz
alegria,especializarse
alegria,especialista
alegria,soberano
alegria,solidez
alegria,solidaridad
alegria,sobriedad
alegria,hábil
alegria,hermandad
alegria,señor
alegria,firma
alegria,hermano
alegria,mostrar
alegria,hombro
alegria,tendero
alegria,Herrero
alegria,estable
alegria,sustituto
alegria,garantía
alegria,secundario
alegria,súplica
alegria,reloj de sol
alegria,sugerir
alegria,aguante
alegria,estructural
alegria,fuerza
alegria,estratega
alegria,directo
alegria,mayordomo
alegria,firme
alegria,estadístico
alegria,declaración
alegria,rígido
alegria,justificar
alegria,sabio
alegria,salvaguardia
alegria,rutina
alegria,lista
alegria,arraigado
alegria,reunión
alegria,retener
alegria,sensible
alegria,responsable
alegria,saludos
alegria,respetuoso
alegria,atender
alegria,servidor
alegria,sermón
alegria,serie
alegria,sereno
alegria,centinela
alegria,antigüedad
alegria,senado
alegria,valores
alegria,secreto
alegria,focas
alegria,sello
alegria,Sagrada Escritura
alegria,científico
alegria,escuela
alegria,escéptico
alegria,lleno de savia
alegria,jurar
alegria,respetable
alegria,virgen
alegria,aldeano
alegria,vigoroso
alegria,vicario
alegria,veterano
alegria,en verdad
alegria,verificado
alegria,verificación
alegria,virtud
alegria,valor
alegria,habitual
alegria,ujier
alegria,vertical
alegria,inquebrantable
alegria,no fidedigno
alegria,incontestable
alegria,incuestionablemente
alegria,incuestionable
alegria,unidad
alegria,ternera
alegria,unido
alegria,qué
alegria,valioso
alegria,palabra
alegria,testigo
alegria,sabiduría
alegria,pesar
alegria,tener puesto
alegria,perro guardián
alegria,vale
alegria,atestiguar
alegria,votivo
alegria,voluntarios
alegria,inequívoco
alegria,título
alegria,trono
alegria,ahorro
alegria,reflexivo
alegria,termómetro
alegria,teoría
alegria,teorema
alegria,teológico
alegria,testimonio
alegria,testamento
alegria,parte superior
alegria,equipo
alegria,profesor
alegria,enseñó
alegria,equivalente
alegria,tándem
alegria,sistema
alegria,sínodo
alegria,sinérgico
alegria,templado
alegria,suscribir
alegria,comprensión
alegria,inexplicable
alegria,árbitro
alegria,veraz
alegria,verdad
alegria,fideicomisario
alegria,braguero
alegria,camión
alegria,tribuna
alegria,tribu
alegria,tesorero
alegria,traducción
alegria,transcripción
alegria,transacción
alegria,civilización
alegria,ofrecimiento
alegria,ocupante
alegria,obvio
alegria,obstetra
alegria,obligar
alegria,objetivo
alegria,obedecer
alegria,obediencia
alegria,juramento
alegria,omnisciente
alegria,enfermera
alegria,monja
alegria,notario
alegria,noble
alegria,nobleza
alegria,neutralidad
alegria,neutral
alegria,hacerse un nido
alegria,nido
alegria,Vecino
alegria,negociar
alegria,navegador
alegria,empeñar
alegria,acera
alegria,mecenazgo
alegria,patrón
alegria,patrulla
alegria,patriarcal
alegria,paciencia
alegria,camaradería
alegria,operación
alegria,participar
alegria,parroquia
alegria,parietal
alegria,ortodoxia
alegria,ordenanza
alegria,ordenado
alegria,oráculo
alegria,optimista
alegria,parlamento
alegria,nación
alegria,mula
alegria,matrona
alegria,matemático
alegria,mariscal
alegria,marina
alegria,mandarín
alegria,administración
alegria,máxima
alegria,administrar
alegria,majestad
alegria,mantenimiento
alegria,pilar
alegria,imán
alegria,máquina
alegria,lealtad
alegria,mamá
alegria,medida
alegria,Medido
alegria,acreedor hipotecario
alegria,moral
alegria,amarras
alegria,monogamia
alegria,monje
alegria,modesto
alegria,moderador
alegria,foso
alegria,microscopio
alegria,Mensajero
alegria,mérito
alegria,comerciante
alegria,mentor
alegria,mediador
alegria,mediar
alegria,árbol genealógico
alegria,perenne
alegria,racional
alegria,ratificar
alegria,guardabosque
alegria,Radar
alegria,calificado
alegria,putativo
alegria,purificación
alegria,puramente
alegria,puntual
alegria,palanca
alegria,prudente
alegria,apoderado
alegria,condición
alegria,proveer
alegria,probado
alegria,protector
alegria,proteger
alegria,protegido
alegria,profiláctico
alegria,cachorro
alegria,profeta
alegria,real
alegria,tranquilizar
alegria,acreditado
alegria,reportero
alegria,reparación
alegria,religión
alegria,de confianza
alegria,fiabilidad
alegria,pariente
alegria,seguridades
alegria,relacionado
alegria,refuerzos
alegria,reforzamiento
alegria,reembolso
alegria,regularidad
alegria,registro
alegria,regente
alegria,reclutas
alegria,reconsideración
alegria,recomendar
alegria,reclinar
alegria,prueba
alegria,encuesta
alegria,política
alegria,planificación
alegria,pivote
alegria,piloto
alegria,pontífice
alegria,píldora
alegria,físico
alegria,filósofo
alegria,filántropo
alegria,filantrópico
alegria,falange
alegria,pertinente
alegria,persuadir
alegria,personal
alegria,perpetuidad
alegria,periodicidad
alegria,cátedra
alegria,profesional
alegria,procurador
alegria,probidad
alegria,privado
alegria,cebador
alegria,sacerdote
alegria,predominante
alegria,presunción
alegria,presidente
alegria,preponderancia
alegria,preparado
alegria,preferir
alegria,precedencia
alegria,percibir
alegria,crónica
miedo,camuflaje
miedo,cable
miedo,burlesco
miedo,dólar
miedo,descanso
miedo,bombardeo aéreo
miedo,venda
miedo,camuflado
miedo,desconcierto
miedo,desconcertado
miedo,petardo
miedo,asombrosamente
miedo,evaluación
miedo,atacar
miedo,conjurar
miedo,ocultado
miedo,coincidencia
miedo,clamor
miedo,quimera
miedo,cambiable
miedo,oportunidad
miedo,captura
miedo,aparición
tristeza,gastado
tristeza,lamentablemente
tristeza,marchitar
tristeza,deliberado
tristeza,viudo
tristeza,viuda
tristeza,gimoteo
tristeza,llanto
tristeza,malas hierbas
tristeza,cansado
tristeza,cansancio
tristeza,con cansancio
tristeza,empeorando
tristeza,sin valor
miedo,anomalía
miedo,emboscada
miedo,alertas
miedo,alarmante
miedo,alarma
miedo,espantado
miedo,accidentalmente
miedo,accidental
miedo,abrupto
tristeza,marcha mala
tristeza,arrugado
tristeza,desgraciado
miedo,curiosidad
miedo,papar moscas
miedo,jadear
miedo,llamativo
miedo,mirar boquiabierto
miedo,juego
miedo,jugador
miedo,atemorizado
miedo,frenético
miedo,casualidad
miedo,monstruoso
miedo,hipótesis
miedo,hipertrofia
miedo,horda
miedo,hermafrodita
miedo,tener suerte
miedo,trago
miedo,adivinar
miedo,explosivo
miedo,dinámica
miedo,divergente
miedo,diferentemente
miedo,detonar
miedo,señuelo
miedo,elusivo
miedo,experimento
miedo,exigente
miedo,exclamar
miedo,excavación
miedo,examen
miedo,erupción
miedo,estallar
miedo,errático
miedo,ciclón
miedo,espejismo
tristeza,antieconómico
tristeza,esguince
tristeza,revelación
tristeza,dolorosamente
tristeza,soldado
tristeza,sollozo
tristeza,bufido
tristeza,calumnia
tristeza,lento
tristeza,estancado
tristeza,hosco
tristeza,demandar
tristeza,sometido
tristeza,banda
tristeza,nacido muerto
tristeza,segregar
tristeza,sedición
tristeza,apenas
tristeza,sarcasmo
tristeza,desafortunadamente
tristeza,huir
tristeza,rumor
tristeza,ruda
tristeza,savia
tristeza,enfermizo
tristeza,rehuir
tristeza,sudario
tristeza,destrozada
tristeza,vergonzoso
tristeza,choza
tristeza,retrasar
miedo,pillaje
tristeza,deformación
tristeza,rendirse
tristeza,impopular
tristeza,no pagado
tristeza,no invitado
tristeza,poco interesante
tristeza,desinteresado
tristeza,no inspirado
tristeza,sin importancia
tristeza,infeliz
tristeza,inédito
tristeza,infelicidad
tristeza,incumplido
tristeza,desfavorable
tristeza,injusticia
tristeza,injusto
tristeza,deseducado
tristeza,inquietud
tristeza,no deseado
tristeza,no correspondido
tristeza,insatisfecho
tristeza,falto
tristeza,menguar
tristeza,revolcarse por
tristeza,gofre
tristeza,vulgaridad
tristeza,vegetativo
tristeza,vanamente
tristeza,urna
tristeza,indispuesto
tristeza,intitulado
tristeza,fracasado
tristeza,estar a pie
tristeza,enterrador
tristeza,poco pagado
tristeza,tolerar
tristeza,sed
tristeza,fantástico
tristeza,terriblemente
tristeza,Terminar
tristeza,fastidiar
tristeza,impuesto
tristeza,deslustre
tristeza,mancha
tristeza,compasión
tristeza,compadecerse
tristeza,quisquilloso
tristeza,indiferente
tristeza,inaguantable
tristeza,no atractivo
tristeza,inalcanzable
tristeza,no reconocido
tristeza,inaceptable
tristeza,incapaz
tristeza,último
tristeza,tropezando
tristeza,basura
tristeza,pese
miedo,inmediación
miedo,improvisación
alegria,asesor
alegria,aconsejado
alegria,aconsejable
alegria,admisible
alegria,admirar
alegria,afirmar
alegria,administrativo
alegria,adherido
alegria,preciso
alegria,autorizado
alegria,cuentas
alegria,contador
alegria,responsabilidad
alegria,cuenta
alegria,almirante
alegria,afirmativamente
alegria,apostólico
alegria,apóstol
alegria,apologético
alegria,antiséptico
alegria,antifúngico
alegria,antídoto
alegria,ancestral
alegria,analista
alegria,aga
alegria,amortización
alegria,ambulancia
alegria,embajador
alegria,aliado
alegria,Alianza
alegria,alba
alegria,parecido
alegria,convenio
alegria,estar de acuerdo
alegria,acordado
alegria,académico
miedo,desaparecer
miedo,nada suspicaz
miedo,impredecible
miedo,sin precedentes
miedo,único
miedo,sin querer
miedo,involuntario
miedo,no imaginable
miedo,variable
miedo,sin defensa
miedo,imprevisto
miedo,inesperadamente
miedo,sin descubrir
miedo,subestimar
miedo,descubrir
miedo,incontrolable
alegria,abad
alegria,ábaco
miedo,gusano
miedo,mago
miedo,inalámbrica
miedo,visera
alegria,aprobación
alegria,llamadas
alegria,calculadora
alegria,gabinete
alegria,por ley
alegria,burocracia
alegria,presupuesto
alegria,fraternidad
alegria,bumerang
alegria,guardaespaldas
alegria,cobija
alegria,cánones
alegria,químico
alegria,Lista de Verificación
alegria,castidad
alegria,cuadro
alegria,capellán
alegria,canciller
alegria,gorra
alegria,certificar
alegria,centro
alegria,censurar
alegria,cemento
alegria,precavido
alegria,cajero
alegria,presidenta
alegria,legado
alegria,tía
alegria,auditor
alegria,abogado
alegria,atestación
alegria,dar fe
alegria,atento
alegria,asistente
alegria,ciertamente
alegria,asociación
alegria,asociado
alegria,cesionario
alegria,afirmando
alegria,asamblea
alegria,arsenal
alegria,armadura
alegria,arquitectura
alegria,asistir
alegria,autenticar
alegria,autenticación
alegria,autenticidad
alegria,benefactor
alegria,creyendo
alegria,creyente
alegria,creía
alegria,base
alegria,permuta
alegria,barman
alegria,banquero
alegria,banco
alegria,votación
alegria,carnada
alegria,Insignia
alegria,partidario
alegria,columna vertebral
alegria,niñera
alegria,axiomático
alegria,axioma
alegria,automático
alegria,autorizar
alegria,autoridad
alegria,autoritario
alegria,aprendiz
miedo,indignante
miedo,originalidad
miedo,ocasional
miedo,recién llegado
miedo,coger
miedo,místico
miedo,misterio
miedo,motín
miedo,boca
miedo,monstruosidad
miedo,modificar
miedo,sobreestimar
miedo,prematuro
miedo,aplazamiento
miedo,palpable
miedo,cartel
miedo,perjurio
miedo,peri
miedo,tal vez
miedo,polaridad
miedo,mal comportamiento
miedo,imbécil
miedo,intruso
miedo,intriga
miedo,juicio
miedo,interrumpir
miedo,infrecuente
miedo,infarto
miedo,incontinencia
miedo,incidente
miedo,incendiario
miedo,improvisar
miedo,mimetismo
miedo,maravilla
miedo,estocada
miedo,relámpago
miedo,sospechoso
miedo,latente
miedo,de repente
miedo,repentino
miedo,subversivo
miedo,súbito
miedo,a hurtadillas
miedo,sigilo
miedo,tambalear
miedo,chapoteo
miedo,espectacular
miedo,somático
miedo,estornudar
miedo,engancharse
miedo,fango
miedo,sobretensión
miedo,truco
miedo,derrocar
miedo,abordar
miedo,sorprendente
miedo,sorprendido
miedo,deslizar
miedo,revuelta
miedo,inversión
miedo,reflejo
miedo,enigma
miedo,reaparecer
miedo,rápido
miedo,al azar
miedo,rifa
miedo,cotizar
miedo,azogue
miedo,rapidez
miedo,pureza
miedo,bofetada
miedo,particularmente
miedo,espantosamente
miedo,pelea
miedo,piquete
alegria,conmemorativo
alegria,viniendo
alegria,clave
alegria,ocultación
alegria,progresivo
alegria,antojo
alegria,pedir
alegria,dados
alegria,calambre
alegria,cuenta regresiva
alegria,correspondencia
alegria,convergencia
alegria,continuación
alegria,contingente
alegria,contagio
alegria,conspirador
alegria,consiguiente
alegria,conjetura
alegria,bienal
alegria,tener cuidado
alegria,comenzado
alegria,junta
alegria,audiencia
alegria,subasta
alegria,asistencia
alegria,intentar
alegria,alcanzable
alegria,astrónomo
alegria,astrólogo
alegria,precaución
alegria,carrera profesional
alegria,adiós
alegria,zumbido
alegria,bugle
alegria,moretón
alegria,costado
alegria,cálculo
alegria,señal
alegria,expedición
alegria,esperando
alegria,esperado
alegria,expectativa
alegria,expectante
alegria,explorar
alegria,eventualidad
alegria,eventual
alegria,Escapar
alegria,librar
alegria,visto el futuro
alegria,presentimiento
alegria,antebrazo
alegria,exponer
alegria,fermentación
alegria,fermentar
alegria,granja
alegria,divagar
alegria,dietético
alegria,desarrollar
alegria,destinado
alegria,negando
alegria,entrega
alegria,obligación
alegria,diariamente
alegria,discreto
alegria,sumergir
alegria,empeño
alegria,poner en peligro
alegria,edición
alegria,reclutar
alegria,Adivinación
alegria,distrayendo
ira,golpear
ira,acelerador
ira,apretar
ira,tensión
ira,arancel
ira,diatriba
ira,tortuoso
ira,torpedo
ira,recargo
ira,despecho
ira,escupió
ira,azotaina
ira,burla
ira,gruñendo
ira,gruñido
ira,oler
ira,tortazo
ira,puta
ira,estancamiento
ira,ventosa
ira,subvención
ira,Huelga
ira,lucha
ira,asalto
ira,tormenta
ira,piedra
ira,robado
ira,parada
alegria,advertido
alegria,direcciones
alegria,adquisidor
alegria,acelerar
ira,palabras
ira,guau
ira,exprimir
alegria,aventura
alegria,llegar
alegria,llegada
alegria,despertar
alegria,arqueología
alegria,arbitraje
alegria,que se acerca
alegria,aprensivo
alegria,solicitante
alegria,apelación
alegria,anticipado
alegria,anuncio
alegria,pesca con caña
alegria,aeropuerto
alegria,anticipación
ira,látigo
ira,usurpar
ira,indigno de confianza
ira,no simpático
ira,desagradecido
ira,moza
ira,desperdiciado
ira,vindicar
ira,vicioso
ira,veto
ira,versus
ira,respiradero
alegria,formando
alegria,ruleta
alegria,madurar
alegria,saliva
alegria,reanimar
alegria,resultante
alegria,resultado
alegria,representando
alegria,hirviendo
alegria,hervir a fuego lento
alegria,significar
alegria,dentro de poco
alegria,Embarcacion
alegria,afilar
alegria,buscar
alegria,seductor
alegria,secular
alegria,escudriñar
alegria,de serie
alegria,renovar
alegria,prospectivamente
alegria,profético
alegria,profecía
alegria,prólogo
alegria,proceder
alegria,probabilidad
alegria,prevención
alegria,presciente
alegria,requisito previo
alegria,producción
alegria,público
alegria,rehabilitación
alegria,regata
alegria,recurrente
alegria,reconstrucción
alegria,reconstruir
alegria,recombinación
alegria,reconocible
alegria,recipiente
alegria,Listo
alegria,RAM
alegria,carril
alegria,búsqueda
alegria,batea
alegria,sesgado
alegria,sonar
alegria,desplegar
alegria,sin alguna duda
alegria,no revelado
alegria,empresa
alegria,Universidad
alegria,por último
alegria,afluente
alegria,rueda de andar
alegria,irresoluto
alegria,visión
alegria,virginidad
alegria,vigilia
alegria,inconfirmado
alegria,incalculable
alegria,transicional
alegria,pista
alegria,puesta de sol
alegria,enviar
alegria,luchar
alegria,Tienda
alegria,comienzo
alegria,especulativo
alegria,rodear
alegria,mañana
alegria,tiempo
alegria,pensamiento
alegria,par termoeléctrico
alegria,teología
alegria,tabular
alegria,preparar
alegria,Instalar en pc
alegria,consulta
alegria,incitar
alegria,inaugural
alegria,importancia
alegria,inminente
alegria,impaciente
alegria,inmortalidad
alegria,inmediatamente
alegria,inmadurez
alegria,inmaduro
alegria,provisional
alegria,carta
alegria,Minimizar
alegria,lanzar
alegria,laberinto
alegria,interminable
alegria,invocar
alegria,invitación
alegria,investigación
alegria,intuitivamente
alegria,bombo publicitario
alegria,apuro
alegria,gravitar
alegria,avaro
alegria,gradual
alegria,germinación
alegria,germen
alegria,apresurado
alegria,caza
alegria,hambriento
alegria,horóscopo
alegria,horizonte
alegria,faro
alegria,prisa
alegria,heraldo
alegria,suceder
alegria,preparatorio
alegria,persistir
alegria,paciente
alegria,pasajero
alegria,paleta
alegria,obertura
alegria,exceder
alegria,adversario
alegria,en curso
alegria,derrocamiento
alegria,ominoso
alegria,preliminar
alegria,predisponer
alegria,predilección
alegria,predicción
alegria,predecir
alegria,precursor
alegria,práctica
alegria,posibilidad
alegria,rechoncho
alegria,plan
alegria,perpetuar
alegria,dar un toque
alegria,presagio
alegria,olfativo
alegria,unir
alegria,materno
alegria,casamentero
alegria,correo
alegria,lujuria
alegria,calma
alegria,lotería
alegria,telar
alegria,largo
alegria,localizar
alegria,molino
alegria,móvil
alegria,notificación
alegria,la red
alegria,nervioso
alegria,vecindario
alegria,navegable
alegria,naciente
alegria,mudable
alegria,montaña
alegria,movimiento
alegria,día siguiente
alegria,alborada
alegria,monetario
alegria,impulso
alegria,Espere
ira,discrepar
ira,dictatorial
ira,diabólico
ira,detraer
ira,detonación
ira,detestar
ira,destructivo
ira,destrucción
ira,destructor
ira,despreciar
ira,despreciable
ira,desobedecer
ira,desobediente
ira,desobediencia
ira,desinformación
ira,desdén
ira,discordia
ira,abstenerse
ira,desafío
ira,difamatorio
ira,desacreditar
ira,engañado
ira,ruin
ira,desafiante
ira,maldita sea
ira,chapoteando
ira,terco
ira,maldiciendo
ira,canalla
ira,aplastante
ira,trastornado
ira,depreciar
ira,depravación
ira,defraudar
ira,denuncia
ira,denunciar
ira,flagrante
ira,encaja
ira,armas de fuego
ira,mentira
ira,feudo
ira,fluctuación
ira,ferocidad
ira,cercado
ira,tarifa
ira,falsificación
ira,erróneo
ira,extinguir
ira,exterminio
ira,feroz
ira,enemigo
ira,pandilla
ira,hiel
ira,furor
ira,horno
ira,furiosamente
ira,echando humo
ira,incursión
ira,frustrado
ira,fricción
ira,fraudulento
ira,fraude
ira,falta
ira,a la fuerza
ira,expletivo
ira,dominar
ira,en desuso
ira,desconfianza
ira,angustioso
ira,duplicidad
ira,distraído
ira,disonancia
ira,disidente
ira,disensión
ira,falta de respeto
ira,de mala fama
ira,disputar
ira,exasperación
ira,exagerar
ira,exacerbación
ira,evadir
ira,escalar
ira,erradicación
ira,erradicar
ira,hacer cumplir
ira,codo
ira,enorme
ira,efigie
ira,cruzada
ira,crujido
ira,maldad
ira,tejón
ira,aversión
ira,contrario
ira,vengador
ira,avaricia
ira,ataque
ira,atroz
ira,Estúpido
ira,agresión
ira,asesinar
ira,incendio provocado
ira,arrogante
ira,lengüeta
ira,abedul
ira,bilis
ira,dimes y diretes
ira,parcialidad
ira,enloquecido
ira,cinturón
ira,fuelle
ira,beligerante
ira,abeja
ira,bestia
ira,osuno
ira,llevar
ira,bayoneta
ira,batalla
ira,batería
ira,masa
ira,batallón
ira,bastión
ira,barrera
ira,ladrar
ira,bárbaro
ira,armado
ira,armamento
ira,argumentos
ira,agitado
ira,agresivo
ira,agravación
ira,agravado
ira,procesable
ira,acusando
ira,acusador
ira,abominación
ira,abolir
ira,aborrecible
ira,aborrecer
ira,enajenar
ira,argumentación
ira,argumento
ira,discutir
ira,antítesis
ira,antipatía
ira,antecristo
ira,antagonista
ira,antagonismo
ira,irritante
ira,enojarse
ira,aniquilar
ira,enfadado
ira,enfado
ira,anarquía
ira,anarquista
ira,anarquismo
ira,altercado
ira,alegación
ira,lugar de nacimiento
ira,algarabía
ira,confrontar
ira,conflagración
ira,conquista
ira,compulsión
ira,complicar
ira,conmoción
ira,combativo
ira,combatiente
ira,combate
ira,colisión
ira,comprimir
ira,garra
ira,con crueldad
ira,criminalidad
ira,delito
ira,de maniático
ira,agrietado
ira,osco
ira,imitador
ira,controversial
ira,contradecir
ira,contrabando
ira,contencioso
ira,desdeñoso
ira,desprecio
ira,chocando
ira,brutalidad
ira,brutal
ira,esfuerzo
ira,asar
ira,azufre
ira,descarado
ira,pelearse
ira,boxeo
ira,bombardear
ira,FALSO
ira,sanguinario
ira,blasfemia
ira,blasfemo
ira,chantaje
ira,buffet
ira,demandante
ira,hacer trampa
ira,caótico
ira,paja
ira,descuido
ira,cañón
ira,llaga gangrenosa
ira,haciendo campaña
ira,calloso
ira,cacofonía
ira,carnicero
ira,Arrestado
ira,gorrón
ira,destello
ira,deslumbrador
ira,gnomo
ira,fingiendo
ira,presuntuoso
ira,prejuicio
ira,imposibilitar
ira,pow
ira,libra
ira,polémica
ira,pirata
ira,piqué
ira,piquetes
ira,parásito
ira,profano
ira,golpecitos
ira,rabia
ira,provocador
ira,provocación
ira,disputa
ira,pervertido
ira,perverso
ira,dogmático
ira,ofensivo
ira,ofender
ira,obstructivo
ira,obstruir
ira,obscenidad
ira,borrado
ira,objeción
ira,tontería
ira,notoriedad
ira,ruidoso
ira,ortiga
ira,olvido
ira,opuesto
ira,oposición
ira,perseguir
ira,penitenciario
ira,penetración
ira,recuperación de la inversión
ira,tamborileo
ira,abrumador
ira,despótico
ira,Indignacion
ira,orco
ira,negación
ira,separatista
ira,egoísta
ira,atornillado
ira,abrasador
ira,regaño
ira,cisma
ira,escandaloso
ira,impostor
ira,escaramuza
ira,chisporrotear
ira,empujón
ira,hurto
ira,pacotilla
ira,mierda
ira,satánico
ira,salón
ira,restitución
ira,resistencia
ira,resentido
ira,resentirse de
ira,repudio
ira,reprimenda
ira,renegado
ira,preventivo
ira,recalcitrante
ira,renuncia
ira,tomar represalias
ira,fila
ira,torre
ira,cohete
ira,rivalidad
ira,campanero
ira,retraer
ira,barra oblicua
ira,incienso
ira,inatención
ira,inadmisible
ira,implicar
ira,inmoralidad
ira,ilícito
ira,ilegalidad
ira,idiota
ira,histérico
ira,impermeable
ira,incongruente
ira,inoperante
ira,infracción
ira,infiel
ira,infantil
ira,infame
ira,inepto
ira,adoctrinamiento
ira,indignación
ira,indignado
ira,procesar
ira,indecencia
ira,incrédulo
ira,curtido
ira,acosando
ira,acosar
ira,pistola
ira,brusco
ira,ir a tientas
ira,codicia
ira,rejilla
ira,rallado
ira,tomar
ira,dureza
ira,Suspiro
ira,caliente
ira,hostilidad
ira,hostilidades
ira,rehén
ira,ulular
ira,capucha
ira,homicida
ira,pegar
ira,silbido
ira,estragos
ira,odiando
ira,rocín
ira,insidioso
ira,amenazador
ira,entrometerse
ira,masoquismo
ira,marcial
ira,manipulación
ira,Idea equivocada
ira,maníaco
ira,negligencia profesional
ira,maligno
ira,malicia
ira,Locura
ira,enloquecer
ira,mintiendo
ira,lunático
ira,murmurar
ira,manguito
ira,mosquito
ira,multitud
ira,declaración errónea
ira,tergiversado
ira,volumen
ira,irritable
ira,irritabilidad
ira,airado
ira,involución
ira,invasión
ira,intolerancia
ira,intolerable
ira,intimidación
ira,insurrección
ira,insuficiencia
ira,instintivo
ira,intratable
ira,poco dispuesto
ira,lívido
ira,litigioso
ira,desorden
ira,lava
ira,latigazo
ira,pateando
ira,patada
miedo,agazapado
miedo,agacharse
miedo,cocodrilo
miedo,culto
miedo,criatura
miedo,coyote
miedo,cobardemente
miedo,cobardía
miedo,deserción
miedo,libertinaje
miedo,dardo
miedo,daga
miedo,cianuro
miedo,cortador
miedo,defender
miedo,valiente
miedo,cobra
miedo,abundancia de nubes
miedo,acantilado
miedo,adherirse
miedo,pollo
miedo,cambio
miedo,cautelosamente
miedo,corrosivo
miedo,contagioso
miedo,constreñir
miedo,conspirar
miedo,conspiración
miedo,trastorno
miedo,desintegrarse
miedo,disciplina
miedo,calabozo
miedo,continuar
miedo,dinosaurio
miedo,depreciación
miedo,odontología
miedo,demente
miedo,deflación
miedo,dictador
miedo,anaconda
miedo,extraterrestre
miedo,agonizante
miedo,amonestación
miedo,juzgar
miedo,artillería
miedo,blindado
miedo,aprehender
miedo,apache
miedo,angina de pecho
miedo,pésimo
asco,desperdicio
asco,verruga
asco,vómito
asco,vesicular
miedo,abominable
asco,marchito
miedo,áspid
miedo,brigada
miedo,sin fondo
miedo,insecto
miedo,gota
miedo,búnker
miedo,cartucho
miedo,carnívoro
miedo,apresador
miedo,cábala
miedo,caníbal
miedo,biopsia
miedo,bala
miedo,bacteria
miedo,evitando
miedo,evitación
miedo,asilo
miedo,por mal camino
miedo,bestial
miedo,gigante
miedo,campo de batalla
miedo,barricada
miedo,edicto
miedo,Anguila
miedo,langosta
miedo,león
miedo,líneas
miedo,sanguijuelas
miedo,laxante
miedo,manifestación
miedo,sarna
miedo,mandamus
miedo,mafia
miedo,Mazo
miedo,queroseno
miedo,selva
miedo,inseguridad
miedo,preso
miedo,inyección
miedo,inestabilidad
miedo,inflación
miedo,infestación
miedo,infección
miedo,mandíbulas
miedo,ictericia
miedo,irracional
miedo,iris
miedo,intrusión
miedo,intimidar
miedo,entrevistador
miedo,interrogatorio
miedo,interrogar
miedo,pelea confusa
miedo,abierto
miedo,forastero
miedo,avanzada
miedo,omnipotencia
miedo,ogro
miedo,oculto
miedo,pestilencia
miedo,perturbación
miedo,paranoia
miedo,paracaídas
miedo,deudor hipotecario
miedo,hipoteca
miedo,monstruo
miedo,equivocado
miedo,militar
miedo,despiadado
miedo,mercenario
miedo,misil
miedo,obligado
miedo,obi
miedo,nocivo
miedo,neurótico
miedo,nerviosismo
miedo,bozal
miedo,mosquete
miedo,forzado
miedo,volador
miedo,gripe
miedo,inundación
miedo,extranjero
miedo,huyó
miedo,fuego
miedo,fiebre
miedo,felón
miedo,audaz
miedo,temiendo
miedo,gladiador
miedo,fantasmal
miedo,fantasma
miedo,jadeando
miedo,tajo
miedo,fragata
miedo,formidable
miedo,etéreo
miedo,escapado
miedo,borrar
miedo,enigmático
miedo,evacuar
miedo,en peligro de extinción
miedo,colmillos
miedo,colmillo
miedo,fanatismo
miedo,desfallecer
miedo,extrajudicial
miedo,agudísimo
miedo,indomable
miedo,hidra
miedo,huracán
miedo,histeria
miedo,horrorizado
miedo,encapuchado
miedo,tareas para el hogar
miedo,indefendible
miedo,íncubo
miedo,idolatría
miedo,inmigrante
miedo,alucinación
miedo,pólvora
miedo,guerrilla
miedo,oso pardo
miedo,espeluznante
miedo,granada
miedo,gobierno
miedo,dañar
miedo,ocultar
miedo,vacilación
miedo,casco
miedo,aumentar
miedo,pagano
miedo,bruma
miedo,halcón
miedo,guarida
miedo,horroroso
asco,indigno de
asco,estiércol
asco,borracho
asco,babear
asco,mentiras
asco,Burro
asco,ególatra
asco,disección
asco,ignorado
asco,disponer
asco,distorsionado
asco,fecal
asco,falsificar
asco,excrementos
asco,excreción
asco,excremento
asco,entrañas
asco,enema
asco,sucio
asco,suciedad
asco,Diarrea
asco,pañal
asco,deshonestidad
asco,discriminante
asco,descoloramiento
asco,heces
asco,cerdo
asco,virus del herpes
asco,herpes
asco,hereje
asco,gusano del corazón
asco,ramera
asco,peludo
asco,canal
asco,intestino
asco,ignorante
asco,estúpido
asco,hipócrita
asco,humillante
asco,mordaza
asco,callejear
asco,hongo
asco,carne
asco,pulga
asco,flatulencia
asco,inmundicia
asco,gelatina
asco,grotesco
asco,mugriento
asco,mugre
asco,codicioso
asco,grasiento
asco,gratuito
asco,garganta
asco,viscosidad
asco,trozo
asco,glotonería
asco,exceso
asco,carretilla
asco,vomitar
asco,hacia atrás
asco,babuino
asco,asimetría
asco,salvado
asco,intestinos
asco,bovino
asco,bombardeado
asco,hervir
asco,hinchado
asco,ampolla
asco,anormal
asco,abyecto
asco,aberración
alegria,no
alegria,deseoso
asco,áfido
asco,anfetaminas
asco,amoníaco
asco,aires
asco,soborno
asco,burdel
asco,húmedo
asco,dandy
asco,cístico
asco,cornudo
asco,crudo
asco,bicho
asco,degradar
asco,deformar
asco,defectuoso
asco,descomponer
asco,catecismo
asco,caries
asco,torpe
asco,quemado
asco,burócrata
asco,canibalismo
asco,gatear
asco,tonterías
asco,tos
asco,corrupción
asco,contaminación
asco,contaminar
asco,estreñimiento
asco,compost
asco,analfabeto
asco,desvergonzado
asco,en mal estado
asco,alcantarillado
asco,aguas residuales
asco,secreción
asco,secretar
asco,escoria
asco,maleza
asco,séptico
asco,oliendo
asco,barrio bajo
asco,babosa
asco,lodo
asco,ranura
asco,agua sucia
asco,baboso
asco,pecando
asco,limo
asco,regurgitación
asco,reflujo
asco,sarpullido
asco,harapos
asco,cuestionable
asco,cenagal
asco,curandero
asco,pus
asco,acre
asco,rancio
asco,repeliendo
asco,saturado
asco,podrido
asco,pícaro
asco,feo
asco,baja calidad
asco,tóxico
asco,inodoro
asco,sapo
asco,excesivo
asco,desordenado
asco,insatisfactorio
asco,inmanejable
asco,inmundo
asco,teísmo
asco,maloliente
asco,hedor
asco,pegajoso
asco,parar
asco,retorcerse
asco,espurio
asco,estómago
asco,arruinar
asco,arrojar
asco,Partícula
asco,agrio
asco,Hollín
asco,suelo
asco,escupir
asco,taburetes
asco,tétanos
asco,termita
asco,repleto
asco,leonado
asco,insípido
asco,enjambre
asco,sumidero
asco,orzuelo
asco,prostituta
asco,prolongar
asco,somorgujo
asco,lavabo
asco,lamer
asco,piojo
asco,mentiroso
asco,menor
asco,limón
asco,mirada lasciva
asco,cómico
asco,letrinas
asco,lascivo
asco,aterronado
asco,mala conducta
asco,moho
asco,materialista
asco,crimen
asco,ineficaz
asco,indecente
asco,incestuoso
asco,impureza
asco,impuro
asco,descortés
asco,infectar
asco,cometa
asco,Juan
asco,conserje
asco,embriagado
asco,intestinal
asco,iniquidad
asco,enjuiciamiento
asco,pila de algo
asco,flema
asco,petróleo
asco,transpiración
asco,loro
asco,anexo
asco,espinilla
asco,el embarazo
asco,pornografía
asco,pomposo
asco,envenenamiento
asco,plagio
asco,poligamia
asco,mutilado
asco,lodoso
asco,moco
asco,mucoso
asco,bocado
asco,monocromo
asco,mofa
asco,Pizca
asco,sin nombre
asco,rezumar
asco,pulpo
asco,obsceno
asco,obeso
asco,nariz
asco,nicotina
asco,náuseas
